番号,表現,例文（英語）,例文（和訳）,文法ポイント,使用場面,カジュアル版,フォーマル版,よくある間違い,備考
1,"I was wondering if...","I was wondering if you could help me with this report.","このレポートを手伝っていただけないかと思っているのですが。","過去進行形で丁寧さを表現。if節で間接的な依頼。","同僚への依頼、初対面の人への質問、上司への相談の切り出し","Could you maybe...","Would it be possible for you to...","I wonder if... (時制の誤り)","相手に断る余地を与える柔らかい表現。語尾を上げ調子で。"
2,"Speaking of which...","The new project timeline looks tight. / Speaking of which, have you seen the resource allocation plan?","新プロジェクトのスケジュールはタイトですね。/ そういえば、リソース配分計画は見ましたか？","分詞構文で前の話題を受けて新しい話題へ。","会議での話題転換、雑談での関連話題への移行、メールでの追加情報","By the way...","In relation to that topic...","Speaking about which... (前置詞の誤り)","前の話題と関連性がある時に使うと自然"
3,"Just to clarify...","So we need this done by Friday? / Just to clarify, that's end of day Friday, not Friday morning.","金曜日までに必要ということですね？/ 念のため確認ですが、金曜日の終業時までで、金曜日の朝ではないですよね。","不定詞の副詞的用法（目的）。","重要な詳細の確認、会議での認識合わせ、メールでの仕様確認","So, just checking...","For the sake of clarity...","Just for clarify... (品詞の誤り)","相手を責めるトーンにならないよう穏やかに"
4,"I hope I'm not interrupting...","I hope I'm not interrupting, but do you have a minute?","お邪魔でなければいいのですが、少しお時間ありますか？","現在進行形で今邪魔していないかを表現。","オフィスでの声かけ、ビデオ会議への途中参加、忙しそうな人への相談","Got a sec?","I apologize if this is an inopportune time...","I hope I don't interrupt... (時制の誤り)","butの後に間を置くと相手が反応しやすい"
5,"That reminds me...","We should update the documentation. / That reminds me, I need to send you the style guide.","ドキュメントを更新すべきですね。/ それで思い出したんですが、スタイルガイドを送る必要がありました。","主語のThatが前の話題全体を指す。","会話中の関連事項の追加、会議での補足情報、忘れていたことを思い出した時","Oh yeah, I forgot to mention...","This brings to mind...","That remembers me... (動詞の誤り)","軽い驚きのトーンで言うと自然"
6,"How's everything going with...?","How's everything going with the client presentation?","クライアント向けプレゼンの件はどんな感じですか？","現在進行形で継続的な状況を表現。","チームメンバーへの進捗確認、1on1ミーティング、スタンドアップミーティング","How's the presentation coming along?","What is the current status of...?","How everything is going? (語順の誤り)","everythingを強調しすぎず自然に流す"
7,"Before we dive into...","Before we dive into the details, let me give you some background.","詳細に入る前に、背景を説明させてください。","時を表す副詞節では現在形を使用。dive intoの比喩。","プレゼンテーションの導入、会議のアジェンダ説明、複雑な説明の前置き","Real quick before we start...","Prior to discussing the specifics...","Before we will dive... (時制の誤り)","diveを少し強調すると生き生きとした印象に"
8,"Let me think out loud for a moment...","How should we approach this problem? / Let me think out loud for a moment... What if we tried a phased approach?","この問題にどうアプローチすべきでしょうか？/ ちょっと考えを整理しながら話させてください... 段階的なアプローチを試してみるのはどうでしょう？","使役動詞letの後は原形不定詞。","ブレインストーミング、問題解決の議論、アイデア出しの会議","I'm just thinking here...","Allow me to verbalize my thought process...","Let me to think... (不定詞の誤用)","実際に考えながら、間を取りながら話す"
9,"Where were we?","Sorry about the interruption. Where were we?","中断してすみません。どこまで話しましたっけ？","過去の時点での位置（話題）を確認。","電話の保留後、会議の休憩後、話が脱線した後","So, anyway...","To return to our previous discussion...","Where are we? (時制の誤り)","軽く首をかしげるジェスチャーと共に"
10,"I see what you mean...","The current approach might not scale well. / I see what you mean. We should consider alternatives.","現在のアプローチはスケールしないかもしれませんね。/ おっしゃることは分かります。代替案を検討すべきですね。","状態動詞seeは通常進行形にしない。","議論での理解表明、説明を受けた後の反応、意見交換での共感","Got it.","I understand your perspective.","I'm seeing what you mean (時制の誤り)","meanを少し強調すると理解度が伝わる"
11,"Actually, now that you mention it...","We need to update our testing procedures. / Actually, now that you mention it, I noticed some gaps in our coverage.","テスト手順を更新する必要がありますね。/ 実は、そう言われてみれば、カバレッジにいくつかギャップがあることに気づきました。","now thatで「今〜なので」の因果関係。","追加情報の提供、忘れていた関連事項、新たな気づきの共有","Oh yeah, actually...","In fact, upon reflection...","Actually, now you mention it... (thatの欠落)","Actuallyの後に短い間を置く"
12,"To be honest...","What do you think of the new proposal? / To be honest, I have some concerns about the timeline.","新しい提案についてどう思いますか？/ 正直なところ、スケジュールについていくつか懸念があります。","不定詞の副詞的用法。be動詞の後は形容詞。","フィードバックの提供、懸念事項の表明、個人的意見の表明","Honestly...","If I may be candid...","To be honestly... (品詞の誤り)","声のトーンを少し下げて真剣さを表現"
13,"Does that make sense?","So we'll implement the changes in phases. Does that make sense?","つまり、変更を段階的に実装していきます。理解していただけましたか？","make senseで「意味をなす、理解できる」。","複雑な説明の後、指示を出した後、プレゼンの区切り","Make sense?","Is this clear to you?","Does it have sense? (動詞の誤り)","優しく、相手を見ながら尋ねる"
14,"I don't mean to rush you, but...","I don't mean to rush you, but we need to wrap up in 10 minutes.","急かすつもりはないのですが、10分で終わらせる必要があります。","mean toの後は原形不定詞。","会議の時間管理、締切のリマインド、スケジュール調整","Sorry to rush, but...","I apologize for the time pressure, however...","I don't mean rushing you... (動詞形の誤り)","申し訳なさそうな表情を添える"
15,"Going back to what you said earlier...","Going back to what you said earlier about the budget...","先ほどおっしゃっていた予算の件に戻りますが...","分詞構文で話題の移動を表現。go back toが正しい句動詞。","議論の整理、重要な点の再確認、話題の軌道修正","About what you said...","To return to your earlier point...","Going back on what you said... (前置詞の誤り)","earlierを軽く強調して時間的な隔たりを示す"
16,"Let me put it another way...","The system architecture seems complex. / Let me put it another way - think of it as building blocks.","システムアーキテクチャは複雑に見えますね。/ 別の言い方をすると、ブロックを積み上げるようなものだと考えてください。","putを「表現する」の意味で使用。","難しい概念の説明、誤解の解消、より分かりやすい説明","In other words...","To rephrase...","Let me say it another way... (動詞の選択)","anotherを少し強調して変化を示す"
17,"Just out of curiosity...","Just out of curiosity, how long did this project take?","ちなみに、このプロジェクトにはどのくらい時間がかかりましたか？","out ofで動機・理由を表現。","追加情報の収集、個人的な興味、軽い雑談","Just curious...","If you don't mind my asking...","Just from curiosity... (前置詞の誤り)","軽い調子で、プレッシャーを与えないように"
18,"If you don't mind me asking...","If you don't mind me asking, how did you get into this field?","失礼でなければお聞きしたいのですが、どうやってこの分野に入られたのですか？","mindの後は動名詞。","個人的な質問、給与や年齢など繊細な話題、相手のバックグラウンド","Can I ask you something?","May I inquire about...?","If you don't mind to ask... (動詞形の誤り)","遠慮がちな表情と共に使用"
19,"On a related note...","The server performance has improved. / On a related note, we should update the monitoring dashboard.","サーバーのパフォーマンスが改善しました。/ 関連して、モニタリングダッシュボードを更新すべきですね。","on a noteが正しい表現。noteを「事柄、点」の意味で使用。","会議での追加議題、メールでの補足情報、プレゼンでの関連事項","Also...","In connection with this matter...","In a related note... (前置詞の誤り)","relatedを軽く強調して関連性を示す"
20,"I hate to bring this up, but...","I hate to bring this up, but there's an issue with the deadline.","言いにくいのですが、締切に問題があります。","hate toの後は原形不定詞。","問題の報告、悪いニュースの伝達、批判的なフィードバック","Sorry, but...","I regret to inform you that...","I hate bringing this up... (動詞形の誤り)","申し訳なさそうな表情と声のトーン"
21,"That's a good point...","We should consider the long-term maintenance costs. / That's a good point. Let's factor that into the budget.","長期的なメンテナンスコストを考慮すべきですね。/ それは良い指摘です。予算に組み込みましょう。","pointは名詞として使用。","議論での賛同、ブレインストーミング、フィードバックへの反応","Good point!","That's an excellent observation.","That's a good pointed... (品詞の誤り)","goodを強調してgenuineな評価を示す"
22,"Can I jump in here?","...and that's why we need to reconsider. / Can I jump in here? I have some data that might help.","...だから再検討が必要なんです。/ ここで口を挟んでもいいですか？役立つかもしれないデータがあります。","jump inで「飛び込む→参加する」の比喩。","活発な議論への参加、重要な情報の追加、誤解の訂正","Quick thought...","May I interject for a moment?","Can I jump in here in? (前置詞の重複)","手を少し挙げるジェスチャーと共に"
23,"Let's take a step back...","This is getting complicated. / Let's take a step back and look at the bigger picture.","これは複雑になってきましたね。/ 一歩下がって全体像を見てみましょう。","step backが正しい語順。take a step backで比喩。","行き詰まった議論、複雑な問題の整理、戦略の見直し","Hold on, let's think about this...","Perhaps we should reconsider from a broader perspective...","Let's take a back step... (語順の誤り)","両手で「待って」のジェスチャー"
24,"If I may add...","The new feature will launch next month. / If I may add, we should prepare the support team beforehand.","新機能は来月リリースです。/ 付け加えさせていただければ、事前にサポートチームを準備すべきです。","mayで丁寧な許可を求める。","会議での補足、上司への進言、フォーマルな議論","Also...","If I might be permitted to add...","If I can add... (助動詞の選択)","mayを少し強調して丁寧さを表現"
25,"How about we...?","We need to improve team communication. / How about we set up a weekly sync meeting?","チームのコミュニケーションを改善する必要があります。/ 週次の同期ミーティングを設定するのはどうでしょう？","How aboutの後は現在形。","チーム内の提案、問題解決の提案、スケジュール調整","What if we...?","Would you consider...?","How about we will... (時制の誤り)","疑問の調子で、相手の意見を求める"
26,"Sorry, I didn't catch that...","The API endpoint is /users/profile/update. / Sorry, I didn't catch that. Could you repeat the endpoint?","APIエンドポイントは/users/profile/updateです。/ すみません、聞き取れませんでした。エンドポイントをもう一度言っていただけますか？","didn'tの後は原形。catchを「聞き取る」の意味で使用。","オンライン会議、騒がしい環境、複雑な情報の確認","Sorry, what?","I apologize, but I didn't quite hear that.","I didn't caught that... (時制の誤り)","申し訳なさそうに、でも明確に"
27,"I'm not sure I follow...","We'll use a recursive CTE for this query. / I'm not sure I follow. Could you explain what a CTE is?","このクエリには再帰的CTEを使います。/ ちょっとついていけていないのですが、CTEとは何か説明していただけますか？","I'm not sureの後は節か動名詞。followを「理解する」の意味で使用。","技術的な説明、複雑な指示、新しい概念の学習","I'm lost...","I'm having difficulty understanding...","I'm not sure to follow... (動詞形の誤り)","困惑した表情を少し見せる"
28,"Would you mind if I...?","Would you mind if I shared my screen?","画面を共有してもよろしいでしょうか？","仮定法で丁寧さを表現。if節では仮定法過去を使用。","会議での画面共有、オフィスでの行動許可、相手の時間をもらう時","Is it okay if I...?","Would it be permissible if I...?","Would you mind if I will... (時制の誤り)","相手の反応を待つ間を取る"
29,"Just to make sure we're on the same page...","Just to make sure we're on the same page, the deadline is next Friday, right?","念のため認識を合わせておきたいのですが、締切は来週の金曜日で合ってますよね？","on the same pageで「同じ認識」の比喩。pageは単数形。","プロジェクトのキックオフ、重要な決定事項の確認、仕様の最終確認","So we're clear...","To ensure mutual understanding...","on the same pages (単複の誤り)","sameを軽く強調"
30,"I'll let you get back to...","Thanks for the update. / No problem. I'll let you get back to your work.","アップデートありがとうございます。/ どういたしまして。お仕事に戻っていただいて結構です。","使役動詞letの後は原形不定詞。","短い相談の後、立ち話の終わり、急な質問の後","I'll let you go.","I won't take up any more of your time.","I'll let you to get back... (不定詞の誤用)","相手への配慮を表情で示す"
31,"It might be worth considering...","We're looking for ways to reduce costs. / It might be worth considering cloud migration for some services.","コスト削減の方法を探しています。/ 一部のサービスのクラウド移行を検討する価値があるかもしれません。","be worth -ingが正しい形。worthの後は動名詞。","戦略会議での提案、代替案の提示、リスク回避の提案","Maybe we should think about...","It may be prudent to consider...","It might worth considering... (be動詞の欠落)","mightを強調して可能性を示す"
32,"Feel free to...","Here's the draft document. / Thanks! Feel free to make any changes you think necessary.","こちらがドラフト文書です。/ ありがとうございます！必要だと思う変更は遠慮なく行ってください。","freeは形容詞として使用。feel freeで「遠慮しない」。","リソースの共有、フィードバックの依頼、質問の奨励","Go ahead and...","Please don't hesitate to...","Feel freely to... (品詞の誤り)","温かい声のトーンで歓迎の意を示す"
33,"I hope this doesn't sound too...","I hope this doesn't sound too forward, but have you considered a different approach?","出過ぎた真似と思われたくないのですが、違うアプローチを検討されましたか？","soundは連結動詞。tooの後には形容詞が必要。","批判的なフィードバック、大胆な提案、個人的な意見","This might sound weird, but...","I trust this won't be perceived as...","I hope this doesn't sound too much... (形容詞の欠落)","心配そうな表情を少し見せる"
34,"Let's circle back to this later...","This technical detail is getting complex. / Let's circle back to this later when we have more time.","この技術的な詳細は複雑になってきました。/ 時間がある時に後でこれに戻ってきましょう。","circle back toが正しい表現。","時間制限のある会議、優先順位の調整、準備不足の議題","Let's table this for now.","Perhaps we should revisit this topic subsequently.","Let's circle back on this... (前置詞の誤り)","手で円を描くジェスチャー"
35,"Thanks for bearing with me...","Thanks for bearing with me through that detailed explanation.","詳細な説明にお付き合いいただきありがとうございます。","bear withで「〜に耐える」。Thanks forの後は動名詞。","長いプレゼンの後、技術的な説明の後、トラブルシューティング中","Thanks for sticking with me.","I appreciate your patience.","Thanks for bearing me... (前置詞の欠落)","genuineな感謝の気持ちを込めて"